{
    "name": "雪球",
    "subname": [
        "Snowball",
        "snowball"
    ],
    "intelligence": 90,
    "will": 48,
    "emotions": {
        "data": [
            0.405,
            0.08100000000000002,
            0.48600000000000004,
            0.08100000000000002,
            0.24300000000000002,
            0.08100000000000002
        ],
        "name": [
            "开心",
            "伤心",
            "好奇",
            "生气",
            "害怕",
            "惊讶"
        ],
        "default": [
            0.5,
            0.1,
            0.6,
            0.1,
            0.3,
            0.1
        ]
    },
    "Methods_effects": {
        "to_Click": [
            [
                0.9,
                -0.5,
                0.0,
                -1.1,
                -1.0,
                0.1
            ],
            [
                -0.5,
                1.0,
                0.0,
                0.3,
                0.3,
                0.6
            ],
            [
                0.6,
                -0.6,
                1.0,
                -0.5,
                -0.3,
                0.9
            ],
            [
                -0.6,
                0.6,
                -0.5,
                1.1,
                0.8,
                0.0
            ],
            [
                -0.8,
                0.7,
                -0.8,
                0.1,
                1.1,
                0.1
            ],
            [
                0.0,
                -0.1,
                -0.2,
                -0.1,
                -0.3,
                0.9
            ]
        ],
        "to_Meet": [
            [
                1.3,
                -0.2,
                0.1,
                -0.5,
                -0.5,
                0.1
            ],
            [
                -0.9,
                0.5,
                -0.1,
                0.2,
                0.3,
                0.0
            ],
            [
                0.3,
                -0.3,
                1.1,
                -0.2,
                -0.2,
                0.7
            ],
            [
                -0.8,
                0.5,
                -0.5,
                0.5,
                0.4,
                0.0
            ],
            [
                -0.8,
                0.5,
                -0.8,
                0.1,
                0.5,
                0.0
            ],
            [
                0.1,
                -0.1,
                0.2,
                -0.1,
                -0.2,
                0.7
            ]
        ]
    }
}